{
  "completed_samples": 4,
  "total_samples": 4,
  "elapsed_sec": 383.45206574513577,
  "last_sample_elapsed_sec": 94.90802595298737
}