index,class_id,seed,max_abs,mean_abs,mse,psnr_db,uint8_equal
0,0,0,0.015587180852890015,0.0015317696379497647,5.474959380080691e-06,58.636790899294596,False
1,1,1,0.0,0.0,0.0,inf,True
