index,class_id,seed,psnr_db,ssim,lpips
0,0,0,40.398094177246094,0.9929224848747253,
