index,class_id,seed,psnr_db,ssim,lpips
0,0,0,23.05608367919922,0.8247826099395752,0.3140714168548584
