index,class_id,seed,psnr_db,ssim,lpips
0,0,0,23.055511474609375,0.8247503042221069,
