{
  "completed_samples": 8,
  "total_samples": 8,
  "elapsed_sec": 1520.8197977729142,
  "last_sample_elapsed_sec": 189.36472851713188
}