{
  "completed_samples": 1,
  "total_samples": 1,
  "elapsed_sec": 13.199238391127437,
  "last_sample_elapsed_sec": 13.199150139000267
}