score_column,sample_id,sample_index,window_id,start_call,end_call,window_len,stage,pis_total_rank,pis_lpips,pis_dino,score_value,rank_percentile
R_xwp_ode_vector,0,0,11,1,2,2,early,1.9732142857142856,0.2538871169090271,0.1955989003181457,1.469952108956792,0.21052631578947367
R_xwp_ode_vector,0,0,12,3,4,2,early,1.9696428571428573,0.1742153912782669,0.2071661949157714,1.636115134729231,0.47368421052631576
R_xwp_ode_vector,0,0,15,1,4,4,early,1.996428571428572,0.345205157995224,0.266133189201355,1.5679835003442435,0.3684210526315789
R_xwp_ode_vector,0,0,16,3,6,4,early,1.9660714285714285,0.2537075281143188,0.1757243275642395,1.64808706733418,0.5789473684210527
R_xwp_ode_vector_u_eta0p1,0,0,11,1,2,2,early,1.9732142857142856,0.2538871169090271,0.1955989003181457,1.6629186416640065,0.3157894736842105
R_oracle_xhat_vector,0,0,11,1,2,2,early,1.9732142857142856,0.2538871169090271,0.1955989003181457,0.0521306585651711,0.15789473684210525
R_oracle_xhat_vector,0,0,12,3,4,2,early,1.9696428571428573,0.1742153912782669,0.2071661949157714,0.045376687433913,0.0
R_oracle_xhat_vector,0,0,15,1,4,4,early,1.996428571428572,0.345205157995224,0.266133189201355,0.0535928835185589,0.21052631578947367
R_oracle_xhat_vector,0,0,16,3,6,4,early,1.9660714285714285,0.2537075281143188,0.1757243275642395,0.0462824275144202,0.05263157894736842
