{
  "risk_table": "/mnt/iset/nfs-main/private/zhuangyifan/try/PixelGen/outputs/e6_d0_xwp_diagnostic/main8/window_risk_table.csv",
  "out_dir": "/mnt/iset/nfs-main/private/zhuangyifan/try/PixelGen/outputs/e6_d0_xwp_diagnostic/main8/eval",
  "num_valid_rows": 560,
  "danger_top_frac": 0.2,
  "budgets": [
    0.2,
    0.3,
    0.4,
    0.5
  ],
  "best_spearman_pis_total_rank": {
    "score": "R_xw_adj",
    "n": 560,
    "spearman_pis_lpips": 0.8315838377267825,
    "spearman_pis_dino": 0.7717738271492253,
    "spearman_pis_total_z": 0.8157894179411608,
    "spearman_pis_total_rank": 0.8096165140210839,
    "roc_auc_dangerous_total": 0.8775510204081632,
    "pr_auc_dangerous_total": 0.6985528431235607,
    "roc_auc_dangerous_lpips": 0.8957370057397959,
    "pr_auc_dangerous_lpips": 0.7339731305313864,
    "roc_auc_dangerous_dino": 0.8741828762755102,
    "pr_auc_dangerous_dino": 0.678688930865061,
    "controlled_spearman_pis_total_rank_insample": 0.20146316623367658,
    "controlled_spearman_pis_total_rank_leave_one_sample_out": 0.18388467630734334,
    "captured_pis_total_rank_at_0p3": 0.46439891581632653,
    "skipped_pis_total_rank_at_0p3": 0.5356010841836735,
    "fnr_dangerous_total_at_0p3": 0.20535714285714285
  },
  "best_pr_auc_dangerous_total": {
    "score": "R_oracle_xhat_vector_u_eta0p1",
    "n": 560,
    "spearman_pis_lpips": 0.644714519406722,
    "spearman_pis_dino": 0.648929372710527,
    "spearman_pis_total_z": 0.6454427925016162,
    "spearman_pis_total_rank": 0.6531562676899805,
    "roc_auc_dangerous_total": 0.8886519451530612,
    "pr_auc_dangerous_total": 0.7355253176535272,
    "roc_auc_dangerous_lpips": 0.8876953125,
    "pr_auc_dangerous_lpips": 0.741269257585184,
    "roc_auc_dangerous_dino": 0.8839684311224489,
    "pr_auc_dangerous_dino": 0.6974017552473294,
    "controlled_spearman_pis_total_rank_insample": 0.10388312630682224,
    "controlled_spearman_pis_total_rank_leave_one_sample_out": 0.08723185159573671,
    "captured_pis_total_rank_at_0p3": 0.46479910714285716,
    "skipped_pis_total_rank_at_0p3": 0.5352008928571428,
    "fnr_dangerous_total_at_0p3": 0.20535714285714285
  },
  "best_captured_pis_total_rank_at_0p3": {
    "score": "R_oracle_xhat_vector_u_eta0p1",
    "n": 560,
    "spearman_pis_lpips": 0.644714519406722,
    "spearman_pis_dino": 0.648929372710527,
    "spearman_pis_total_z": 0.6454427925016162,
    "spearman_pis_total_rank": 0.6531562676899805,
    "roc_auc_dangerous_total": 0.8886519451530612,
    "pr_auc_dangerous_total": 0.7355253176535272,
    "roc_auc_dangerous_lpips": 0.8876953125,
    "pr_auc_dangerous_lpips": 0.741269257585184,
    "roc_auc_dangerous_dino": 0.8839684311224489,
    "pr_auc_dangerous_dino": 0.6974017552473294,
    "controlled_spearman_pis_total_rank_insample": 0.10388312630682224,
    "controlled_spearman_pis_total_rank_leave_one_sample_out": 0.08723185159573671,
    "captured_pis_total_rank_at_0p3": 0.46479910714285716,
    "skipped_pis_total_rank_at_0p3": 0.5352008928571428,
    "fnr_dangerous_total_at_0p3": 0.20535714285714285
  },
  "xwp_main_score": "R_xwp_ode_vector_u_eta0p1",
  "xwp_beats_time_raw_sea_by_spearman": false,
  "xwp_beats_time_raw_sea_by_pr_auc": false,
  "xwp_beats_time_raw_sea_by_captured_pis_at_0p3": false,
  "top_plot_scores": [
    "R_oracle_xhat_vector_u_eta0p1",
    "R_xw_adj",
    "R_sea_adj",
    "R_uncertainty_sum",
    "R_oracle_xhat_vector",
    "R_oracle_xhat_scalar_u_eta0p1",
    "R_xwp_ode_vector_u_eta0p3",
    "R_xwp_ode_scalar_u_eta0p3"
  ]
}