index,class_id,seed,psnr_db,ssim,lpips
0,0,0,25.67767906188965,0.9025168418884277,
