{
  "labels": "/mnt/iset/nfs-main/private/zhuangyifan/try/PixelGen/outputs/e6_d0_labels/e55_window_labels.csv",
  "fulltraj": "/mnt/iset/nfs-main/private/zhuangyifan/try/PixelGen/outputs/e6_d0_fulltraj/main8",
  "out": "/mnt/iset/nfs-main/private/zhuangyifan/try/PixelGen/outputs/e6_d0_xwp_diagnostic/main8",
  "device": "cuda:0",
  "proxy_size": 64,
  "beta": 2.0,
  "f0": 0.03,
  "epsilon_clip": 0.05,
  "eta_list": [
    0.0,
    0.03,
    0.1,
    0.3
  ],
  "score_subset": null,
  "risk_table": "/mnt/iset/nfs-main/private/zhuangyifan/try/PixelGen/outputs/e6_d0_xwp_diagnostic/main8/window_risk_table.csv",
  "num_label_rows": 560,
  "num_output_rows": 560,
  "num_valid_risk": 560,
  "num_invalid_risk": 0,
  "invalid_reason_counts": {},
  "score_stats": {
    "R_time_len": {
      "min": 1.0,
      "mean": 4.3,
      "max": 16.0
    },
    "R_time_sum_ode": {
      "min": 0.010204081623052797,
      "mean": 0.3183238033520437,
      "max": 2.581046732058251
    },
    "R_time_mean_t": {
      "min": 0.010101010091602802,
      "mean": 0.34876285410663554,
      "max": 0.960784375667572
    },
    "R_time_inv_1mt": {
      "min": 1.0102040816230529,
      "mean": 11.568622717125436,
      "max": 70.41669677365661
    },
    "R_raw_adj": {
      "min": 4.1798171878326684e-05,
      "mean": 0.06950073763224023,
      "max": 0.33022440495551564
    },
    "R_raw_anchor": {
      "min": 4.1798171878326684e-05,
      "mean": 0.2488524740864315,
      "max": 2.415374640982918
    },
    "R_sea_adj": {
      "min": 5.024214260629378e-05,
      "mean": 0.21836626643509718,
      "max": 2.260652095079422
    },
    "R_sea_anchor": {
      "min": 5.024214260629378e-05,
      "mean": 0.4424312409138175,
      "max": 4.939743320166599
    },
    "R_xw_adj": {
      "min": 5.024227357353084e-05,
      "mean": 0.2231732250288912,
      "max": 2.6855670185759664
    },
    "R_xw_anchor": {
      "min": 0.02549690380692482,
      "mean": 3.0339421993753475,
      "max": 19.338232398033142
    },
    "R_xwp_anchor": {
      "min": 0.011528701521456242,
      "mean": 2.0505300917396587,
      "max": 15.59919822216034
    },
    "R_xwp_ode_scalar": {
      "min": 0.006521396434835735,
      "mean": 0.04813617860604864,
      "max": 0.24048079492610827
    },
    "R_xwp_ode_vector": {
      "min": 0.011528700715901051,
      "mean": 0.5295901363413756,
      "max": 1.498404269819871
    },
    "R_uncertainty_sum": {
      "min": 0.006922699976712465,
      "mean": 1.3941949519195727,
      "max": 7.597758889198303
    },
    "R_uncertainty_mean": {
      "min": 0.006922699976712465,
      "mean": 0.3914888005443139,
      "max": 0.9837292432785034
    },
    "R_xwp_ode_scalar_u_eta0p03": {
      "min": 0.009249785557423751,
      "mean": 0.08996202716363581,
      "max": 0.4611733592898064
    },
    "R_xwp_ode_scalar_u_eta0p1": {
      "min": 0.009734374555793623,
      "mean": 0.18755567379800592,
      "max": 0.9930164815336877
    },
    "R_xwp_ode_scalar_u_eta0p3": {
      "min": 0.011118914551136116,
      "mean": 0.46639466418192044,
      "max": 2.5125682593733485
    },
    "R_xwp_ode_vector_u_eta0p03": {
      "min": 0.011736381715202426,
      "mean": 0.5714159848989628,
      "max": 1.5869510843806782
    },
    "R_xwp_ode_vector_u_eta0p1": {
      "min": 0.012220970713572298,
      "mean": 0.6690096315333329,
      "max": 1.8564035716109792
    },
    "R_xwp_ode_vector_u_eta0p3": {
      "min": 0.013605510708914791,
      "mean": 0.9478486219172475,
      "max": 3.2453895805279056
    },
    "R_oracle_xhat_scalar": {
      "min": 1.7628528773196312e-06,
      "mean": 0.0028587606372467906,
      "max": 0.03152506713428277
    },
    "R_oracle_xhat_vector": {
      "min": 4.2519996597389775e-05,
      "mean": 0.037030720921823274,
      "max": 0.6201774358218256
    },
    "R_oracle_xhat_scalar_u_eta0p1": {
      "min": 0.0028005169192290014,
      "mean": 0.14227825582920406,
      "max": 0.7913009560541131
    },
    "R_oracle_xhat_vector_u_eta0p1": {
      "min": 0.0033802889544222894,
      "mean": 0.17645021611378053,
      "max": 1.0051095604365412
    }
  },
  "elapsed_sec": 33.48112407932058
}