{
  "completed_samples": 4,
  "total_samples": 4,
  "elapsed_sec": 764.7597836269997,
  "last_sample_elapsed_sec": 189.84053732012399
}