index,class_id,seed,psnr_db,ssim,lpips
0,0,0,25.679061889648438,0.9025806188583374,
